<?xml version="1.0" encoding="UTF-8"?>

<!--
Licensed to the Apache Software Foundation (ASF) under one
or more contributor license agreements.  See the NOTICE file
distributed with this work for additional information
regarding copyright ownership.  The ASF licenses this file
to you under the Apache License, Version 2.0 (the
"License"); you may not use this file except in compliance
with the License.  You may obtain a copy of the License at

  http://www.apache.org/licenses/LICENSE-2.0

Unless required by applicable law or agreed to in writing,
software distributed under the License is distributed on an
"AS IS" BASIS, WITHOUT WARRANTIES OR CONDITIONS OF ANY
KIND, either express or implied.  See the License for the
specific language governing permissions and limitations
under the License.
-->

<project xmlns="http://maven.apache.org/DECORATION/1.3.0"
  xmlns:xsi="http://www.w3.org/2001/XMLSchema-instance"
  xsi:schemaLocation="http://maven.apache.org/DECORATION/1.3.0 http://maven.apache.org/xsd/decoration-1.3.0.xsd">
  <version position="right" />

  <bannerLeft>
    <name>${project.name}</name>
    <src>http://maven.apache.org/images/apache-maven-project.png</src>
    <href>http://maven.apache.org/</href>
  </bannerLeft>
  <bannerRight>
    <src>http://maven.apache.org/images/maventxt_logo_200.gif</src>
  </bannerRight>

  <skin>
    <groupId>org.apache.maven.skins</groupId>
    <artifactId>maven-fluido-skin</artifactId>
    <version>1.3.0</version>
  </skin>

  <custom>
    <fluidoSkin>
      <topBarEnabled>true</topBarEnabled>
      <sideBarEnabled>false</sideBarEnabled>
      <leftColumnClass>span2</leftColumnClass>
      <bodyColumnClass>span10</bodyColumnClass>
      <googleSearch>
        <sitesearch>${project.url}</sitesearch>
      </googleSearch>
    </fluidoSkin>

  </custom>

  <body>
    <breadcrumbs>
      <item name="Wagon" href="http://maven.apache.org/wagon/index.html" />
    </breadcrumbs>
    <menu name="Overview">
      <item name="Introduction" href="index.html"/>
      <item name="JavaDocs" href="apidocs/index.html"/>
    </menu>
    <menu ref="modules" />
    <menu ref="reports" />


    <footer>
      <div class="row span16"><div>Apache Maven, Apache, the Apache feather logo, and the Apache Maven project logos are trademarks of The Apache Software Foundation.
        All other marks mentioned may be trademarks or registered trademarks of their respective owners.</div>
        <a href="${project.url}/privacy-policy.html">Privacy Policy</a>
      </div>
    </footer>

  </body>

</project>
