<component-set>
  <components>
    <component>
      <role>org.apache.maven.wagon.Wagon</role>
      <role-hint>dav</role-hint>
      <implementation>org.apache.maven.wagon.providers.webdav.WebDavWagon</implementation>
      <instantiation-strategy>per-lookup</instantiation-strategy>
      <description>&lt;p&gt;WebDavWagon&lt;/p&gt;
&lt;p/&gt;
&lt;p&gt;Allows using a webdav remote repository for downloads and deployments&lt;/p&gt;</description>
      <isolated-realm>false</isolated-realm>
    </component>
    <component>
      <role>org.apache.maven.wagon.Wagon</role>
      <role-hint>davs</role-hint>
      <implementation>org.apache.maven.wagon.providers.webdav.WebDavWagon</implementation>
      <instantiation-strategy>per-lookup</instantiation-strategy>
      <description>&lt;p&gt;WebDavWagon&lt;/p&gt;
&lt;p/&gt;
&lt;p&gt;Allows using a webdav remote repository for downloads and deployments&lt;/p&gt;</description>
      <isolated-realm>false</isolated-realm>
    </component>
    <component>
      <role>org.apache.maven.wagon.Wagon</role>
      <role-hint>dav+http</role-hint>
      <implementation>org.apache.maven.wagon.providers.webdav.WebDavWagon</implementation>
      <instantiation-strategy>per-lookup</instantiation-strategy>
      <description>&lt;p&gt;WebDavWagon&lt;/p&gt;
&lt;p/&gt;
&lt;p&gt;Allows using a webdav remote repository for downloads and deployments&lt;/p&gt;</description>
      <isolated-realm>false</isolated-realm>
    </component>
    <component>
      <role>org.apache.maven.wagon.Wagon</role>
      <role-hint>dav+https</role-hint>
      <implementation>org.apache.maven.wagon.providers.webdav.WebDavWagon</implementation>
      <instantiation-strategy>per-lookup</instantiation-strategy>
      <description>&lt;p&gt;WebDavWagon&lt;/p&gt;
&lt;p/&gt;
&lt;p&gt;Allows using a webdav remote repository for downloads and deployments&lt;/p&gt;</description>
      <isolated-realm>false</isolated-realm>
    </component>
  </components>
</component-set>
